{"name":"DejaVuSansMono-Bold","type":"TTF","desc":{"CapHeight":729,"XHeight":547,"FontBBox":"[-447 -394 731 1052]","Flags":262149,"Ascent":928,"Descent":-236,"Leading":0,"ItalicAngle":0,"StemV":165,"MissingWidth":602},"unitsPerEm":2048,"up":-63,"ut":44,"strp":259,"strs":50,"ttffile":"\/www\/wwwroot\/www.chendk.info\/usr\/plugins\/PDFPreview\/vendor\/mpdf\/mpdf\/src\/Config\/..\/..\/ttfonts\/DejaVuSansMono-Bold.ttf","TTCfontID":0,"originalsize":318392,"sip":false,"smp":false,"BMPselected":true,"fontkey":"dejavusansmonoB","panose":" 0 0 2 b 7 9 3 6 4 2 2 4","haskerninfo":false,"haskernGPOS":false,"hassmallcapsGSUB":false,"fontmetrics":"win","useOTL":255,"rtlPUAstr":"","GSUBScriptLang":{"arab":"DFLT ","cyrl":"SRB  ","latn":"DFLT ISM  KSM  LSM  MOL  NSM  ROM  SKS  SSM  "},"GSUBFeatures":{"arab":{"DFLT":{"fina":[2],"medi":[3],"init":[4],"rlig":[5],"liga":[6]}},"cyrl":{"SRB ":{"locl":[1]}},"latn":{"DFLT":{"dlig":[7]},"ISM ":{"locl":[0],"dlig":[7]},"KSM ":{"locl":[0],"dlig":[7]},"LSM ":{"locl":[0],"dlig":[7]},"MOL ":{"dlig":[7]},"NSM ":{"locl":[0],"dlig":[7]},"ROM ":{"dlig":[7]},"SKS ":{"locl":[0],"dlig":[7]},"SSM ":{"locl":[0],"dlig":[7]}}},"GSUBLookups":[{"Type":1,"Flag":0,"SubtableCount":1,"Subtables":[8010],"MarkFilteringSet":""},{"Type":1,"Flag":0,"SubtableCount":1,"Subtables":[8022],"MarkFilteringSet":""},{"Type":1,"Flag":9,"SubtableCount":1,"Subtables":[8040],"MarkFilteringSet":""},{"Type":1,"Flag":9,"SubtableCount":1,"Subtables":[8180],"MarkFilteringSet":""},{"Type":1,"Flag":9,"SubtableCount":1,"Subtables":[8316],"MarkFilteringSet":""},{"Type":4,"Flag":9,"SubtableCount":1,"Subtables":[8452],"MarkFilteringSet":""},{"Type":4,"Flag":9,"SubtableCount":1,"Subtables":[8490],"MarkFilteringSet":""},{"Type":4,"Flag":0,"SubtableCount":1,"Subtables":[8560],"MarkFilteringSet":""}],"GPOSScriptLang":{"arab":"DFLT ","cyrl":"DFLT SRB  ","grek":"DFLT ","lao ":"DFLT ","latn":"DFLT ISM  KSM  LSM  MOL  NSM  ROM  SKS  SSM  "},"GPOSFeatures":{"arab":{"DFLT":{"mkmk":[0,1],"mark":[2,3,4,5]}},"cyrl":{"DFLT":{"mark":[6,7]},"SRB ":{"mark":[6,7]}},"grek":{"DFLT":{"mark":[6,7]}},"lao ":{"DFLT":{"mark":[8]}},"latn":{"DFLT":{"mark":[6,7]},"ISM ":{"mark":[6,7]},"KSM ":{"mark":[6,7]},"LSM ":{"mark":[6,7]},"MOL ":{"mark":[6,7]},"NSM ":{"mark":[6,7]},"ROM ":{"mark":[6,7]},"SKS ":{"mark":[6,7]},"SSM ":{"mark":[6,7]}}},"GPOSLookups":[{"Type":6,"Flag":1,"SubtableCount":1,"Subtables":[754],"MarkFilteringSet":""},{"Type":6,"Flag":1,"SubtableCount":1,"Subtables":[800],"MarkFilteringSet":""},{"Type":5,"Flag":1,"SubtableCount":1,"Subtables":[880],"MarkFilteringSet":""},{"Type":4,"Flag":1,"SubtableCount":1,"Subtables":[1106],"MarkFilteringSet":""},{"Type":5,"Flag":1,"SubtableCount":1,"Subtables":[3146],"MarkFilteringSet":""},{"Type":4,"Flag":1,"SubtableCount":1,"Subtables":[3444],"MarkFilteringSet":""},{"Type":4,"Flag":0,"SubtableCount":1,"Subtables":[5594],"MarkFilteringSet":""},{"Type":1,"Flag":0,"SubtableCount":1,"Subtables":[7010],"MarkFilteringSet":""},{"Type":4,"Flag":0,"SubtableCount":1,"Subtables":[7034],"MarkFilteringSet":""}],"kerninfo":[]}