{"name":"Sun-ExtA","type":"TTF","desc":{"CapHeight":684,"XHeight":453,"FontBBox":"[-973 -301 2074 1078]","Flags":4,"Ascent":930,"Descent":-141,"Leading":0,"ItalicAngle":0,"StemV":87,"MissingWidth":1000},"unitsPerEm":256,"up":-86,"ut":47,"strp":254,"strs":47,"ttffile":"\/www\/wwwroot\/www.chendk.info\/usr\/plugins\/PDFPreview\/vendor\/mpdf\/mpdf\/src\/Config\/..\/..\/ttfonts\/Sun-ExtA.ttf","TTCfontID":0,"originalsize":22993540,"sip":false,"smp":false,"BMPselected":false,"fontkey":"sun-exta","panose":" 0 0 2 1 6 0 3 1 1 1 1 1","haskerninfo":false,"haskernGPOS":false,"hassmallcapsGSUB":false,"fontmetrics":"win","useOTL":0,"rtlPUAstr":"","GSUBScriptLang":[],"GSUBFeatures":[],"GSUBLookups":[],"GPOSScriptLang":[],"GPOSFeatures":[],"GPOSLookups":[],"kerninfo":[]}